feature_id,description,trend,acquisition_checkpoint,acquisition_checkpoint_name,final_probability,max_probability,good_count,bad_count,subset_counts
412,Whitespace sequences used for formatting alignment in legal document headers.,other,0,pythia-160m-step1,1.0,1.0,0,0,{'': 31}
2973,Tab characters used for text formatting and indentation in various document types.,increase-decrease,5,pythia-160m-step32,0.232852069,0.771120212,0,0,{'': 15}
2295,Tab characters used for formatting and indentation in various types of documents and web content.,increase-decrease,6,pythia-160m-step64,0.232852069,0.771120212,0,0,{'': 50}
1847,"Tab characters and whitespace formatting used for code indentation, data alignment, and structured text layout",increase-decrease,6,pythia-160m-step64,0.144720966,0.69098895,0,0,{'': 32}
172,Tab characters used for code indentation and formatting in programming contexts.,increase-stagnate,6,pythia-160m-step64,0.952534751,0.971999222,0,0,{'': 50}
1761,Tab characters used for code indentation in programming contexts.,increase-stagnate,6,pythia-160m-step64,0.968902533,0.979683988,0,0,{'': 50}
1620,Dialogue formatting markers indicating the start of speech or quotations in conversational text.,increase-stagnate,6,pythia-160m-step64,0.972798665,0.982922516,0,0,{'': 50}
1279,"Infinitive marker ""to"" and preposition ""of"" and ""with"" in various grammatical contexts",increase-decrease,7,pythia-160m-step128,0.148493008,0.676197477,0,0,{'': 50}
1091,HTML line break tags appearing in code documentation or web content.,increase-decrease,7,pythia-160m-step128,0.395804403,0.802584465,0,0,{'': 50}
254,Tab characters serving as delimiters or separators between mathematical questions about prime and composite numbers.,increase-stagnate,7,pythia-160m-step128,0.99931585,0.999938967,0,0,{'': 50}
703,Decimal points in statistical p-values from scientific research papers.,increase-stagnate,7,pythia-160m-step128,0.998433723,0.998709579,0,0,{'': 50}
2259,HTML/XML opening angle brackets appearing in code documentation or web markup contexts.,increase-stagnate,7,pythia-160m-step128,0.784783683,0.875246354,0,0,{'': 50}
923,Periods appearing within academic citation references in scholarly text.,increase-stagnate,7,pythia-160m-step128,0.999917931,0.999938967,0,0,{'': 50}
1909,HTML attribute values for reference type specifications in academic document markup.,increase-stagnate,7,pythia-160m-step128,0.999932592,0.999938967,0,0,{'': 50}
1212,"Colons that appear after ""Category"" in what appears to be Wikipedia category markup syntax.",increase-stagnate,7,pythia-160m-step128,0.999938014,0.999938967,0,0,{'': 50}
2764,"Periods appearing within legal citations, specifically in United States Code references where they separate parts of the citation format.",increase-stagnate,7,pythia-160m-step128,0.998584846,0.999891531,0,0,{'': 50}
2536,"Contracted forms of ""not"" in negative auxiliary verb constructions (didn't, don't, wouldn't, isn't, aren't, couldn't, shouldn't, wasn't).",increase-stagnate,7,pythia-160m-step128,0.998291618,0.99927115,0,0,{'': 50}
2316,HTML attribute values appearing in class attributes and reference type attributes within web page markup.,increase-stagnate,7,pythia-160m-step128,0.999900768,0.999938967,0,0,{'': 50}
2702,"The word ""is"" functioning as a copula verb in mathematical word problems asking ""What is"" followed by arithmetic expressions.",increase-stagnate,7,pythia-160m-step128,0.997062301,0.999769443,0,0,{'': 50}
2103,"Mathematical question words asking ""What is"" or ""Which is"" in problem-solving contexts.",increase-stagnate,7,pythia-160m-step128,0.999059371,0.999700993,0,0,{'': 50}
1450,URL protocol indicators appearing in web addresses and hyperlinks.,increase-stagnate,7,pythia-160m-step128,0.999938967,0.999938967,0,0,{'': 50}
2094,"The preposition ""of"" appearing after quantifier phrases (variety of, number of, lots of, etc.) to introduce what is being quantified.",increase-stagnate,7,pythia-160m-step128,0.976172373,0.986758873,0,0,{'': 50}
664,"Prepositions ""to"" appearing after a space in formal or technical writing contexts.",increase-stagnate,7,pythia-160m-step128,0.992226801,0.995343543,0,0,{'': 50}
764,"Infinitive marker ""to"" appearing after a space in various sentence contexts",increase-stagnate,7,pythia-160m-step128,0.977092727,0.979202332,0,0,{'': 50}
451,Function words (prepositions and articles) that are preceded by a space in text formatting.,increase-stagnate,7,pythia-160m-step128,0.993304973,0.995220429,0,0,{'': 50}
1079,"Words that appear as part of Wikipedia category labels, typically following ""Category:"" in article metadata.",increase-stagnate,7,pythia-160m-step128,0.999778677,0.999938967,0,0,{'': 50}
853,Tab characters used as formatting delimiters in structured text or data tables.,increase-decrease,8,pythia-160m-step256,0.67555031,0.918037257,0,0,{'': 50}
1281,"The letter ""x"" appearing in hexadecimal notation contexts within what appears to be code or data structures.",increase-stagnate,8,pythia-160m-step256,0.918044859,0.920500577,0,0,{'': 50}
1773,Tab characters used for text formatting and layout spacing in various documents or web content.,increase-stagnate,8,pythia-160m-step256,0.997580478,0.999407643,0,0,{'': 50}
1978,Opening angle brackets used in XML/HTML tag syntax and generic type declarations in programming code.,increase-stagnate,8,pythia-160m-step256,0.998835848,0.999526546,0,0,{'': 50}
770,Legal citation abbreviations referring to U.S. Circuit Courts of Appeals in various judicial circuits.,increase-stagnate,8,pythia-160m-step256,0.998773115,0.99930716,0,0,{'': 50}
1412,Tab characters used as formatting separators between text segments in what appears to be parsed or structured document content.,increase-stagnate,8,pythia-160m-step256,0.999324778,0.999909052,0,0,{'': 50}
1720,"All instances are references to figures in academic or scientific documents, appearing within citation markup syntax.",increase-stagnate,8,pythia-160m-step256,0.99984392,0.999938967,0,0,{'': 50}
2987,"Asterisks used in multi-line comment formatting in source code, primarily for visual alignment and structure in license headers and documentation blocks.",increase-stagnate,8,pythia-160m-step256,0.999833969,0.999938967,0,0,{'': 50}
394,"Markdown or XML-style reference syntax elements used in academic documents to link to figures, tables, or supplementary materials.",increase-stagnate,8,pythia-160m-step256,0.999938967,0.999938967,0,0,{'': 50}
1567,"Geographic location names and abbreviations, primarily referring to cities, states, and counties in the United States.",increase-stagnate,8,pythia-160m-step256,0.957155748,0.99166059,0,0,{'': 50}
1850,Space characters appearing before @ symbols in citation lists and code comments.,increase-stagnate,8,pythia-160m-step256,0.999348945,0.999631246,0,0,{'': 50}
312,"Words referring to numerical quantities, data assignments, or measurable amounts in programming and mathematical contexts.",increase-stagnate,8,pythia-160m-step256,0.993842134,0.999400034,0,0,{'': 50}
1430,"Wikipedia category labels that classify and organize articles by topic, profession, location, or other descriptive attributes.",increase-stagnate,8,pythia-160m-step256,0.997560274,0.997560274,0,0,{'': 50}
2968,"Mathematical expressions containing polynomial terms with variables raised to powers, appearing in calculus differentiation problems and algebraic manipulation exercises.",increase-stagnate,8,pythia-160m-step256,0.940963271,0.940963271,0,0,{'': 50}
546,"Numerical components (thousands, millions, dollar signs, commas) that are part of monetary amounts in legal and financial contexts.",increase-stagnate,9,pythia-160m-step512,0.825283141,0.884950043,0,0,{'': 50}
1519,"All instances show ""as"" functioning as a preposition introducing examples, consistently appearing in the phrase ""such as"" to indicate exemplification.",increase-stagnate,9,pythia-160m-step512,0.987058041,0.994932097,0,0,{'': 50}
535,Opening curly braces in LaTeX mathematical expressions used for grouping and delimiting mathematical content,increase-stagnate,9,pythia-160m-step512,0.985962521,0.991352003,0,0,{'': 50}
2288,"Mathematical problem statements that begin with variable definitions using ""Let"" followed by mathematical expressions or equations.",increase-stagnate,9,pythia-160m-step512,0.895640918,0.934452472,0,0,{'': 50}
322,"Contracted forms of ""is"" used in informal speech and writing.",increase-stagnate,9,pythia-160m-step512,0.992520902,0.993210023,0,0,{'': 50}
1729,"Academic reference citations using ""B"" or ""b"" identifiers in scholarly publications.",increase-stagnate,9,pythia-160m-step512,0.999851547,0.999938967,0,0,{'': 50}
1894,C preprocessor #define statements used for creating macro definitions in source code.,increase-stagnate,9,pythia-160m-step512,0.996167031,0.999690033,0,0,{'': 50}
2161,HTML closing div tags appearing in web markup and code contexts.,increase-stagnate,9,pythia-160m-step512,0.99957532,0.999843801,0,0,{'': 50}
1262,"Instances of the abbreviation ""e.g."" (exempli gratia, meaning ""for example"") used to introduce examples or illustrations in academic and technical writing.",increase-stagnate,9,pythia-160m-step512,0.994127022,0.997906964,0,0,{'': 50}
1833,"Abbreviations for time periods (a.m., p.m.) and Latin phrases (i.e.)",increase-stagnate,9,pythia-160m-step512,0.99771661,0.999448673,0,0,{'': 50}
2853,"The letter ""B"" or ""b"" used as labels, identifiers, or reference markers in academic and technical contexts.",increase-stagnate,9,pythia-160m-step512,0.999788627,0.999938967,0,0,{'': 50}
293,C preprocessor directive symbols (#define and #include statements) used in source code.,increase-stagnate,9,pythia-160m-step512,0.763816016,0.896981972,0,0,{'': 50}
2245,Javadoc comment beginnings that start method or class documentation sections in code.,increase-stagnate,9,pythia-160m-step512,0.996446512,0.998621936,0,0,{'': 50}
2705,"Underscores appearing in programming code contexts, likely representing placeholders, separators, or parts of variable/function names in various programming languages.",increase-stagnate,9,pythia-160m-step512,0.998469434,0.998872659,0,0,{'': 50}
101,"Variables (q and h) in polynomial mathematical expressions, typically appearing as coefficients or in exponential terms.",increase-stagnate,9,pythia-160m-step512,0.999621177,0.999915845,0,0,{'': 50}
1660,"Periods used as abbreviation markers in formal names, titles, and geographic designations.",increase-stagnate,9,pythia-160m-step512,0.964876793,0.969473148,0,0,{'': 50}
2682,"Abbreviations for ""United States"" appearing in formal legal, governmental, and official contexts.",increase-stagnate,9,pythia-160m-step512,0.995381022,0.996156562,0,0,{'': 50}
2209,Opening curly braces that begin code blocks in various programming languages.,increase-stagnate,9,pythia-160m-step512,0.986701878,0.98747025,0,0,{'': 50}
712,Mathematical contexts involving greatest common factors and least common multiples in algebra problems.,increase-stagnate,9,pythia-160m-step512,0.996326081,0.999898921,0,0,{'': 50}
2563,"All instances refer to ""court"" as a legal institution or judicial body in legal proceedings.",increase-stagnate,9,pythia-160m-step512,0.979072767,0.985103094,0,0,{'': 50}
2400,Question marks appearing at the end of mathematical comparison questions or problems.,increase-stagnate,9,pythia-160m-step512,0.999690271,0.999690271,0,0,{'': 50}
2732,"All instances show the word ""said"" used as a speech attribution verb following quoted dialogue in journalistic or narrative text.",increase-stagnate,9,pythia-160m-step512,0.900185646,0.908166122,0,0,{'': 50}
292,Numbers appearing as arguments or parameters in mathematical function calls or variable assignments.,increase-stagnate,9,pythia-160m-step512,0.995919878,0.995919878,0,0,{'': 50}
2800,File extensions for C/C++ header files in #include statements.,increase-stagnate,9,pythia-160m-step512,0.994546517,0.995940308,0,0,{'': 50}
2619,Code indentation patterns using tabs followed by multiple spaces to align nested programming constructs.,increase-stagnate,9,pythia-160m-step512,0.988763581,0.9949723,0,0,{'': 50}
592,"The word ""Is"" functioning as the opening verb in mathematical questions about whether numbers are prime or composite.",increase-stagnate,9,pythia-160m-step512,0.999435565,0.999435565,0,0,{'': 50}
1489,"Equals signs used as assignment and comparison operators in programming contexts, including URL parameters, configuration settings, and data binding expressions.",increase-stagnate,10,pythia-160m-step1000,0.983522157,0.993128141,0,0,{'': 50}
2403,Variable names and abbreviations in programming and academic contexts,increase-stagnate,10,pythia-160m-step1000,0.894820811,0.938606126,0,0,{'': 50}
2304,"Technical terms referring to specific components, locations, or entities in electronic, computing, and engineering contexts.",increase-stagnate,10,pythia-160m-step1000,0.853142914,0.853142914,0,0,{'': 50}
1818,Spaces that appear before single quote marks in code or configuration contexts.,increase-stagnate,10,pythia-160m-step1000,0.737948428,0.852579322,0,0,{'': 50}
1275,"Academic citation markers indicating references to figures, tables, or bibliography items in scholarly publications.",increase-stagnate,10,pythia-160m-step1000,0.88105581,0.91460143,0,0,{'': 50}
278,"The number 17 appearing in various contexts including academic citations, percentages, ages, and publication identifiers",increase-stagnate,10,pythia-160m-step1000,0.998970438,0.99992991,0,0,{'': 50}
2200,"All instances are the definite article ""the"" preceded by a space, functioning as a determiner before noun phrases.",increase-stagnate,10,pythia-160m-step1000,0.732116664,0.791498949,0,0,{'': 50}
2990,Bibliography reference codes in academic citation format.,increase-stagnate,10,pythia-160m-step1000,0.999938967,0.999938967,0,0,{'': 50}
917,Electrical measurements and chemical substances in technical and scientific contexts,increase-stagnate,10,pythia-160m-step1000,0.864027728,0.919250198,0,0,{'': 50}
1703,"All instances are the word ""years"" used as a unit of time measurement in various contexts describing duration, age, or time periods.",increase-stagnate,10,pythia-160m-step1000,0.876909415,0.929243544,0,0,{'': 50}
2713,"Words that are part of formal organizational names, web domains, and institutional references.",increase-stagnate,10,pythia-160m-step1000,0.984329167,0.992233236,0,0,{'': 50}
796,"The word ""or"" functioning as a conjunction in mathematical comparison questions asking which value is greater, smaller, or bigger.",increase-stagnate,10,pythia-160m-step1000,0.998623065,0.998955629,0,0,{'': 50}
2450,"Units of measurement (milligrams and milliliters) used in scientific and medical contexts to express concentrations, dosages, and quantities.",increase-stagnate,10,pythia-160m-step1000,0.961106636,0.972822179,0,0,{'': 50}
745,"Hyphens used as parts of compound adjectives or technical terms, typically connecting numerical or descriptive elements to dimensional, technical, or qualitative descriptors.",increase-stagnate,10,pythia-160m-step1000,0.808565296,0.886546923,0,0,{'': 50}
1467,Words used in phrases indicating minimum thresholds or requirements <SEP> Words used in comparative mathematical expressions,increase-stagnate,10,pythia-160m-step1000,0.98982466,0.992380959,0,0,{'': 50}
2458,LaTeX equation labels and HTML attributes for document structure and referencing,increase-stagnate,10,pythia-160m-step1000,0.886717516,0.893950793,0,0,{'': 50}
1570,"The preposition ""of"" used to indicate possession, relationship, or association between nouns in various contexts.",increase-stagnate,10,pythia-160m-step1000,0.97771114,0.988051794,0,0,{'': 50}
2268,All instances refer to the hash symbol (#) used in Ruby test descriptions for the String encode and encode! methods.,increase-stagnate,10,pythia-160m-step1000,0.996458896,0.999164208,0,0,{'': 50}
2813,"Colons used as delimiters or separators in various text formats including code, mathematical expressions, and structured data.",increase-stagnate,10,pythia-160m-step1000,0.945683156,0.967746599,0,0,{'': 50}
34,"All instances are the word ""example"" preceded by a space, used to introduce illustrative cases or instances in explanatory text.",increase-stagnate,10,pythia-160m-step1000,0.689661319,0.770029271,0,0,{'': 50}
2972,XML/HTML closing tags appearing in structured markup code.,increase-stagnate,10,pythia-160m-step1000,0.97972604,0.986349431,0,0,{'': 50}
1497,"Closing punctuation marks and XML/code syntax elements that terminate programming constructs, XML tags, or code blocks.",increase-stagnate,10,pythia-160m-step1000,0.999034628,0.999488794,0,0,{'': 50}
1693,Variable assignment statements in programming code where variables are being assigned values using the equals operator.,increase-stagnate,10,pythia-160m-step1000,0.956813627,0.975244958,0,0,{'': 50}
2794,Code snippets showing closing parentheses and semicolons at the end of programming statements or function calls.,increase-stagnate,10,pythia-160m-step1000,0.905680561,0.930076126,0,0,{'': 50}
2857,"Programming identifiers and field names in code, JSON objects, and database records",increase-stagnate,10,pythia-160m-step1000,0.964442705,0.978505951,0,0,{'': 50}
2980,Punctuation marks (periods and commas) used as decimal separators in numerical values.,increase-stagnate,10,pythia-160m-step1000,0.950834989,0.963499113,0,0,{'': 50}
602,LaTeX commands and syntax elements used in document formatting and mathematical typesetting.,increase-stagnate,10,pythia-160m-step1000,0.759047969,0.795093698,0,0,{'': 50}
2953,Words that are parts of HTTP URLs or web addresses.,increase-stagnate,10,pythia-160m-step1000,0.945660394,0.966926792,0,0,{'': 50}
2803,"Mathematical equations using ""for"" to indicate solving for a specific variable, with one unrelated usage about cream for soldiers",increase-stagnate,10,pythia-160m-step1000,0.997084806,0.997084806,0,0,{'': 50}
1944,Percentage symbols used to denote numerical proportions or concentrations in scientific and technical contexts.,increase-stagnate,10,pythia-160m-step1000,0.886754893,0.886754893,0,0,{'': 50}
604,"Instances of the preposition ""by"" used to indicate agency or means in various contexts.",increase-stagnate,10,pythia-160m-step1000,0.976123666,0.976123666,0,0,{'': 50}
942,Semicolons appearing at the end of code statements or declarations in various programming languages.,increase-stagnate,10,pythia-160m-step1000,0.977843713,0.977843713,0,0,{'': 50}
1302,Technical terms referring to electrical signals in electronic systems and circuits.,increase-stagnate,10,pythia-160m-step1000,0.853420515,0.853420515,0,0,{'': 50}
129,Closing bracket characters appearing in various programming and documentation contexts,increase-stagnate,10,pythia-160m-step1000,0.900233043,0.921218132,0,0,{'': 50}
1113,"All instances of ""than"" used as a comparative conjunction to introduce the second element in comparisons.",increase-stagnate,10,pythia-160m-step1000,0.986854662,0.986854662,0,0,{'': 50}
1310,"Closing parentheses that appear at the end of mathematical expressions, references, or technical statements.",increase-stagnate,10,pythia-160m-step1000,0.951869494,0.951869494,0,0,{'': 50}
2177,"Biochemical and molecular biology terms referring to proteins, receptors, enzymes, and other biological molecules.",increase-decrease,11,pythia-160m-step10000,0.30543836,0.627682212,0,0,{'': 50}
1074,"Words related to size, quantity, degree, and repetition/frequency",increase-decrease,11,pythia-160m-step10000,0.375428467,0.580059029,0,0,{'': 50}
1183,"All instances of ""well"" function as part of the conjunctive phrase ""as well as"" used to connect and add additional elements or ideas.",increase-decrease,11,pythia-160m-step10000,0.476925531,0.659463441,0,0,{'': 50}
1958,Clinical and biological variables measured in medical research studies and technical specifications,increase-decrease,11,pythia-160m-step10000,0.424307828,0.587957586,0,0,{'': 50}
41,"Legal case citation abbreviation ""v"" (versus) used to separate parties in court case names.",increase-stagnate,11,pythia-160m-step10000,0.888241028,0.934690626,0,0,{'': 50}
2667,Words referring to social media marketing contexts with some unrelated technical and biblical terms,increase-stagnate,11,pythia-160m-step10000,0.810048762,0.899501321,0,0,{'': 50}
1915,Numbered list items or section references preceded by spaces in formatted text documents.,increase-stagnate,11,pythia-160m-step10000,0.726453155,0.777707874,0,0,{'': 50}
773,Numbers that appear to be footnote or citation references in legal documents.,increase-stagnate,11,pythia-160m-step10000,0.996124092,0.999047175,0,0,{'': 50}
1629,Variables used in mathematical expressions and equations.,increase-stagnate,11,pythia-160m-step10000,0.739451711,0.940387575,0,0,{'': 50}
559,"Numbers appearing in academic citation references, typically indicating specific numbered sources in bibliographies or reference lists.",increase-stagnate,11,pythia-160m-step10000,0.798671429,0.798671429,0,0,{'': 50}
173,"Instances of the number ""3"" appearing in various contexts including lists, sequences, measurements, and references.",increase-stagnate,11,pythia-160m-step10000,0.61885614,0.730005102,0,0,{'': 50}
411,"Configuration parameter names in YAML documentation format, typically following indentation and colon syntax",increase-stagnate,11,pythia-160m-step10000,0.927937532,0.927937532,0,0,{'': 50}
2125,"Numbers and numerical references (primarily the number 5) used in citations, footnotes, legal documents, and mathematical contexts.",increase-stagnate,11,pythia-160m-step10000,0.916112816,0.955988462,0,0,{'': 50}
2276,"Opening parentheses in function definitions, method calls, and conditional statements across various programming languages.",increase-stagnate,11,pythia-160m-step10000,0.830869622,0.830869622,0,0,{'': 50}
903,"Forms of the verb ""to be"" (are/were) used as linking verbs or auxiliary verbs in various sentence structures.",increase-stagnate,11,pythia-160m-step10000,0.630167906,0.630167906,0,0,{'': 50}
2895,"All instances are the definite article ""the"" appearing at the beginning of phrases or clauses after punctuation or spacing.",increase-stagnate,11,pythia-160m-step10000,0.704881047,0.738483166,0,0,{'': 50}
2550,"Plural nouns representing various categories, types, or instances of things across different domains and contexts.",increase-stagnate,11,pythia-160m-step10000,0.544514388,0.603648195,0,0,{'': 50}
2090,Words used in mathematical comparison questions asking which value is closest or nearest to a given number.,increase-stagnate,11,pythia-160m-step10000,0.617922951,0.69081106,0,0,{'': 50}
1587,"The word ""et"" appearing in academic citation formats, specifically in ""et al."" references used in scholarly literature.",increase-stagnate,11,pythia-160m-step10000,0.704295228,0.780459378,0,0,{'': 50}
365,Method names for getter and setter functions in Java code documentation.,increase-stagnate,11,pythia-160m-step10000,0.689861987,0.910710382,0,0,{'': 50}
442,"Numbers appearing as section identifiers, page numbers, or reference markers in formatted text documents.",increase-stagnate,11,pythia-160m-step10000,0.930904285,0.980310946,0,0,{'': 50}
1320,"Numeric values (primarily the number 5) appearing in various document formatting contexts such as citations, references, timestamps, and organizational numbering.",increase-stagnate,11,pythia-160m-step10000,0.819768615,0.863836073,0,0,{'': 50}
1690,"The number ""7"" appearing in various document formatting contexts, including numbered lists, citations, footnotes, and section markers.",increase-stagnate,11,pythia-160m-step10000,0.832971187,0.866988854,0,0,{'': 50}
2263,Formatting markers indicating the beginning of quoted speech or dialogue in text.,increase-stagnate,11,pythia-160m-step10000,0.570794782,0.598720873,0,0,{'': 50}
1523,"Method names and function calls in programming code, representing actions or operations that can be invoked on objects or classes.",increase-stagnate,11,pythia-160m-step10000,0.756739987,0.866450147,0,0,{'': 50}
1568,"All instances show the preposition ""with"" used to introduce instrumental, associative, or descriptive phrases that specify accompanying conditions, characteristics, or methods.",increase-stagnate,11,pythia-160m-step10000,0.751393032,0.763821753,0,0,{'': 50}
1928,Code comments preceded by whitespace and comment delimiters in programming contexts.,increase-stagnate,11,pythia-160m-step10000,0.805152511,0.887955205,0,0,{'': 50}
1392,Words used in numerical rating expressions indicating fractions or proportions out of a total.,increase-stagnate,11,pythia-160m-step10000,0.529280635,0.555492588,0,0,{'': 50}
2215,"The preposition ""with"" used to indicate accompaniment, partnership, collaboration, or cooperation in various contexts.",increase-stagnate,11,pythia-160m-step10000,0.792780694,0.847853684,0,0,{'': 50}
1092,URL protocol prefixes and web domain identifiers used in web addresses and hyperlinks.,increase-stagnate,11,pythia-160m-step10000,0.480626408,0.528983006,0,0,{'': 50}
1853,"Words related to email subscription and newsletter services, including delivery methods, content types, and subscription processes.",increase-stagnate,11,pythia-160m-step10000,0.994791963,0.994791963,0,0,{'': 50}
217,Code formatting tokens representing spaces that appear before closing braces and return statements in various programming languages.,increase-stagnate,11,pythia-160m-step10000,0.945127417,0.945127417,0,0,{'': 50}
1042,"Past tense forms of the verb ""to be"" used in passive voice constructions in scientific writing.",increase-stagnate,11,pythia-160m-step10000,0.652548273,0.673780444,0,0,{'': 50}
2192,Past tense auxiliary and linking verbs used in various narrative and descriptive contexts.,increase-stagnate,11,pythia-160m-step10000,0.648873997,0.671520176,0,0,{'': 50}
258,Common words appearing in software license agreements and copyright notices.,increase-stagnate,11,pythia-160m-step10000,0.947715606,0.949663498,0,0,{'': 50}
829,"Words used in idiomatic expressions and metaphorical contexts relating to alignment, opposition, or perspective",increase-stagnate,11,pythia-160m-step10000,0.510752856,0.615762905,0,0,{'': 50}
2981,"Temporal prepositions and adverbs indicating time relationships (before, after, basis as in ""regular basis"").",increase-stagnate,11,pythia-160m-step10000,0.499147353,0.527042433,0,0,{'': 50}
753,"Past and present tense forms of auxiliary and linking verbs (be, was, is, been) used in passive voice constructions and other grammatical structures.",increase-stagnate,11,pythia-160m-step10000,0.553940118,0.559220709,0,0,{'': 50}
1233,"References to the United States, either as ""United States"" or abbreviated as ""U.S."" in legal, governmental, and official contexts.",increasing,11,pythia-160m-step10000,0.522909768,0.646253836,0,0,{'': 50}
2887,"Words appearing at the end of comparative phrases expressing degree or extent (e.g., ""as much as possible"", ""as far as practicable"").",increasing,11,pythia-160m-step10000,0.77276659,0.77276659,0,0,{'': 50}
1808,Words functioning as pronouns or determiners that refer to previously mentioned entities or concepts in discourse.,increase-decrease,12,pythia-160m-step70000,0.443669942,0.620436459,0,0,{'': 50}
144,"Contracted forms of ""it is"" and personal pronouns with ""be"" verbs (I'm, it's, we're, they're, you'll, I've) used in informal speech and writing.",increase-stagnate,12,pythia-160m-step70000,0.426148822,0.505656166,0,0,{'': 50}
1041,"Words appearing in the common phrase ""take/taking into account"" or ""take/taking into consideration"" used to express the inclusion or consideration of various factors in decision-making or analysis.",increasing,12,pythia-160m-step70000,0.521311606,0.694794536,0,0,{'': 50}
584,"Words referring to temporal duration, periods, or moments in various technical and scientific contexts.",increasing,12,pythia-160m-step70000,0.466442024,0.559044544,0,0,{'': 50}
2967,"Modal verbs expressing ability, possibility, or capacity to perform actions.",increasing,12,pythia-160m-step70000,0.713723383,0.713723383,0,0,{'': 50}
1966,"Sentence-initial function words that introduce clauses, including conditional, temporal, spatial, and interrogative markers",increase-stagnate,13,pythia-160m-step100000,0.488483583,0.513442508,0,0,{'': 50}
1824,"Third-person singular present tense verbs in technical documentation, with ""Gets"" and ""Sets"" being JavaDoc accessor method documentation",increasing,13,pythia-160m-step100000,0.494968288,0.548378074,0,0,{'': 50}
